Id,y
10000,-66.002423490231223
10001,451.40650440115581
10002,-461.67641706030008
10003,40.501208753722544
10004,-126.74472245403689
10005,-342.53455181925074
10006,-396.55554211358969
10007,335.54127907908844
10008,-99.512420870623714
10009,304.81253980627628
10010,68.894530489785453
10011,412.36919545590808
10012,54.942371024767695
10013,-17.005550754779549
10014,-597.84995757226193
10015,443.50228878641536
10016,144.77448697804448
10017,-57.411163672536063
10018,134.38782757745994
10019,-108.98377598910878
10020,153.82482842506741
10021,611.73598360220296
10022,588.3896503384226
10023,-131.01679995802002
10024,-61.135621141229166
10025,-374.24849531697367
10026,74.157993079653878
10027,137.43837873610468
10028,420.08661179679092
10029,196.76562571344309
10030,268.44284980053197
10031,638.47491025110958
10032,127.37873138692019
10033,1.3491187584000746
10034,22.710453177408681
10035,342.23953452256495
10036,307.70396697417283
10037,348.13820870094008
10038,-168.65286130735447
10039,-20.22113090461718
10040,-551.74992757311281
10041,-429.9718040667405
10042,261.89195870674467
10043,389.8204261292222
10044,-96.165622273565432
10045,-210.71080125632466
10046,278.88186878401149
10047,-427.45330103104959
10048,-172.9032529175671
10049,467.26437835578713
10050,-631.55873558743974
10051,-355.53165933817922
10052,143.1732755386044
10053,69.199202598942293
10054,275.58827397672587
10055,-263.18861220410258
10056,167.49830723241311
10057,104.57789589014305
10058,230.07008661007535
10059,20.988026644576269
10060,-4.8225812625016706
10061,-201.92294081063747
10062,560.06392656577066
10063,55.288476252448945
10064,671.30157469183609
10065,-493.74873828522919
10066,-279.35303673259278
10067,-53.71252761314814
10068,379.69819550097566
10069,315.07141085798156
10070,169.13001732614376
10071,-271.59930326901201
10072,783.80222267503461
10073,44.577311515548573
10074,57.406780054577268
10075,-161.07827414306769
10076,-220.66957847885743
10077,223.24129442929254
10078,352.66559554375436
10079,13.1632913662657
10080,-461.99414698573094
10081,305.37214669142372
10082,-230.59656173861197
10083,359.07444324254448
10084,-430.26056337592217
10085,-115.5488220554618
10086,-88.960063878674148
10087,-488.29018980804199
10088,-139.35033854713564
10089,57.338808108526401
10090,-190.3362427216648
10091,-6.5080929148237754
10092,189.29107774701782
10093,346.60367818565527
10094,871.62732064859028
10095,-147.01353738653887
10096,443.48993777943053
10097,-30.498432974437105
10098,185.46345753445971
10099,-119.91717151732837
10100,43.575238001807151
10101,58.318571552244585
10102,-197.15246829839808
10103,-70.471606788412714
10104,-342.84605328866854
10105,-29.233589873716838
10106,49.522929296103833
10107,-16.246144137912999
10108,33.775069261606824
10109,-68.883077483241493
10110,25.863399493697305
10111,-617.3142842716959
10112,-185.90441301195003
10113,323.78310610938678
10114,-35.662195722127791
10115,-733.52977116138425
10116,-240.7385626473615
10117,-381.97314662424947
10118,75.319944621695271
10119,36.610326459118944
10120,-28.756270225023155
10121,-481.16062796858864
10122,408.85023042298928
10123,-765.02174719916411
10124,178.07269651637014
10125,-7.6498793856734437
10126,134.79684623375891
10127,-477.45851421287102
10128,-248.70625301323619
10129,-361.88465722386417
10130,-18.755611748554099
10131,7.7956043744347916
10132,-109.10598972538364
10133,-63.073745242194221
10134,591.82318373491637
10135,259.61263369662782
10136,-279.86583200876771
10137,93.225359400518684
10138,-427.28731541913635
10139,84.386566330898248
10140,-311.54463064415552
10141,11.419268612561774
10142,-297.8314684235861
10143,-331.92897096864357
10144,656.0132305257315
10145,-476.66268136505408
10146,361.19404513377526
10147,-150.18526861192328
10148,299.94671902432452
10149,-191.72143219270842
10150,151.94999511612028
10151,-64.672757815764086
10152,351.24486163063352
10153,-370.63644575627285
10154,349.22498178611141
10155,273.52460961680202
10156,783.19718431968863
10157,-124.2378897357398
10158,-155.2200443299084
10159,-506.95564938641076
10160,201.69321238561525
10161,-415.17405715963628
10162,-348.16510516956527
10163,-201.95224108680958
10164,-658.9504470533376
10165,179.34640168171575
10166,124.06925816168724
10167,-209.15025355201837
10168,213.70513477400632
10169,-82.117210238089655
10170,-97.110269897267855
10171,124.26800574648092
10172,50.289915657142735
10173,538.74395928133731
10174,630.01753455433743
10175,217.2592778265448
10176,-491.73374132670801
10177,-131.1417511388326
10178,362.39302241729513
10179,-14.363038055407765
10180,-30.261757361676214
10181,-107.32358076729935
10182,-334.06259292967223
10183,299.50639964643318
10184,-103.47221484505307
10185,179.82049946719485
10186,122.20070887900701
10187,86.580371616906476
10188,386.48256056699239
10189,-613.361174504583
10190,-269.81638738346317
10191,260.73145126228604
10192,-44.620161280426714
10193,-159.15717576416856
10194,-145.24559879357514
10195,447.2282148760018
10196,476.35698596959628
10197,121.79421345327248
10198,-1.5356790561059981
10199,410.74409653878143
10200,90.828099799648129
10201,150.07336956845154
10202,24.03365296154703
10203,273.88663405363059
10204,-154.52926038025137
10205,42.588901507065934
10206,617.34170631685697
10207,38.939360761429491
10208,-91.436101194905092
10209,225.35327477391147
10210,151.0582757708564
10211,-86.916647736460035
10212,-101.7178895800733
10213,161.93776502605576
10214,357.8704141035455
10215,32.145978186553506
10216,-379.14539920029222
10217,-165.94213222367264
10218,257.45392169454095
10219,-124.83850779184145
10220,47.084514722991763
10221,-67.050651389802113
10222,287.17334413416359
10223,836.26742777016329
10224,-78.733292602056821
10225,-293.00922915219365
10226,284.91632646225656
10227,377.95143200822793
10228,-473.94261958972339
10229,-538.80945497660502
10230,-372.90475040318688
10231,-83.377008899687951
10232,157.46205951911318
10233,167.50291456151047
10234,-105.69040574319662
10235,561.16168791762925
10236,-149.35531895746828
10237,196.96680512352259
10238,-33.819911727579793
10239,5.1994198823373416
10240,-121.70842296063248
10241,53.473579817378379
10242,531.29189384112567
10243,-157.60262258937573
10244,-183.77196239261232
10245,643.83224642566279
10246,17.78030601012988
10247,-92.07939719460272
10248,485.49316460507487
10249,-221.23657860793955
10250,490.60650504846171
10251,-43.677159154250418
10252,139.93322987117688
10253,207.50447442761151
10254,17.092647024360353
10255,-396.47203316052935
10256,-168.30166761529162
10257,-75.593241001244763
10258,-292.07350780077036
10259,-59.373665346633274
10260,247.36904706438483
10261,206.83112758185678
10262,17.462464464080558
10263,-181.81148500657
10264,300.17615094548626
10265,-567.63872479558995
10266,311.59327285263436
10267,-9.9295118354921996
10268,161.40782304547832
10269,272.38559922972348
10270,55.122457419426041
10271,-15.278267412197414
10272,286.4023019429037
10273,387.8886119434755
10274,-148.57888863638675
10275,171.95235244839591
10276,-411.57059222267964
10277,213.80253827075222
10278,133.93002437371683
10279,-99.017177501241633
10280,-162.41724224558294
10281,-39.074190113479148
10282,-295.15845218324
10283,141.32481354359538
10284,163.05983005334647
10285,-55.455401462417818
10286,-145.74067609352198
10287,16.350462436354213
10288,-364.29855848282932
10289,558.66301873767361
10290,40.050661219007964
10291,67.637345042969514
10292,559.84008465546708
10293,469.80694715741583
10294,-149.49980105452934
10295,-328.82278669969747
10296,425.7713170466746
10297,85.50466241179511
10298,-166.91553705585028
10299,-662.29840703935042
10300,50.280391653003889
10301,-11.355718332961874
10302,-451.81126444953117
10303,78.672833134131068
10304,-386.81879991735684
10305,-273.22738305237152
10306,352.01504544002302
10307,-263.84804091810201
10308,-214.73022299361276
10309,-84.881154897384533
10310,745.88327912542388
10311,-418.97510845227356
10312,739.19912516619559
10313,-469.07742635294829
10314,481.82984486567165
10315,363.20797478744129
10316,-270.25304182071886
10317,-399.59212471613239
10318,234.45728030706456
10319,-38.734693570325838
10320,238.36874871850682
10321,28.697441990182742
10322,238.23095785965279
10323,-130.00744030000124
10324,-681.29456177885038
10325,61.580652959542512
10326,-444.92985067095969
10327,-14.713208392840917
10328,680.4767823428574
10329,288.73260649376419
10330,839.97049015567313
10331,416.65747651917991
10332,167.35603728915675
10333,-86.779537867068939
10334,332.76996760043716
10335,-201.33443093425359
10336,-43.625082987840898
10337,-107.90237779609699
10338,-284.03573802517116
10339,232.60855717832595
10340,237.83315171540019
10341,74.399805677203645
10342,255.51770406364599
10343,-168.64961928561047
10344,68.563346016290154
10345,-365.44198172526109
10346,189.70649886094674
10347,-369.83324976670934
10348,-250.90024390237789
10349,76.313550196231759
10350,-344.94550923377625
10351,-187.42339326812592
10352,482.1697569825231
10353,125.75266972886047
10354,450.69194375218592
10355,216.17619018208259
10356,34.341935719304949
10357,57.511455961215169
10358,-211.41949894712786
10359,49.762491809492758
10360,76.111040207584054
10361,-29.196254490440804
10362,33.048958528737714
10363,364.56271216310068
10364,234.48280987315187
10365,-21.796554859090335
10366,-476.93787704780038
10367,43.567658993046962
10368,-310.95721366516915
10369,-46.941116226036812
10370,181.1955810713356
10371,-214.96242982007215
10372,-80.227060315221408
10373,841.20822916573707
10374,102.35678708587045
10375,37.297738046881733
10376,77.398182759602221
10377,435.79452149369291
10378,111.39479265155701
10379,-128.8292241538756
10380,573.05012105839683
10381,48.602468077911269
10382,-68.554146592189269
10383,56.681624505830214
10384,-360.30993199944083
10385,131.90192283450409
10386,-264.52589763343116
10387,-378.79324972499325
10388,-190.09929259976667
10389,862.91521304096318
10390,159.57649666231038
10391,514.02046358014547
10392,61.387667803407062
10393,720.8758958326589
10394,-450.97673103980264
10395,105.89444211999709
10396,-27.532603044002837
10397,-23.43556196676969
10398,331.20599829494586
10399,-156.024563948241
10400,0.94770183856031032
10401,17.232405165319243
10402,143.23908417021195
10403,53.226451390746817
10404,41.01334926979397
10405,-129.39255146834731
10406,430.91652104593095
10407,-427.90961965735789
10408,49.114004852091654
10409,-221.64758038918751
10410,-313.75971218685129
10411,115.24452244707004
10412,96.100972044535837
10413,-399.91598494242089
10414,-8.4114079235631998
10415,733.1841324374692
10416,-332.42676649165185
10417,83.676120421943608
10418,339.79274865544249
10419,-35.115701314514311
10420,38.204335433877439
10421,-606.19848905593176
10422,194.27285338946265
10423,155.0315511615824
10424,-111.25647787348429
10425,-63.339371636516283
10426,403.93581872896448
10427,690.91943033585949
10428,75.78129943645034
10429,-340.31540652357694
10430,-195.7615954269786
10431,40.445138708754953
10432,-137.65418796029215
10433,-95.674796589544925
10434,290.84353787250342
10435,568.46468134727934
10436,351.21865075407413
10437,194.71516658168301
10438,-312.15084208719367
10439,-518.31078687244826
10440,-80.751580480612589
10441,-109.91053830578446
10442,491.41083647519713
10443,371.48514486049407
10444,343.85664466843497
10445,114.60785397368481
10446,-315.20442190988217
10447,83.103965093070897
10448,-82.599151017740553
10449,-182.21902722527605
10450,-294.91729245130495
10451,-294.21055531486996
10452,611.54704173565267
10453,-34.756134103592821
10454,-115.04157690057801
10455,263.2793379023754
10456,346.05651209283849
10457,194.61161526911036
10458,257.35614963849463
10459,-303.2080949271155
10460,-173.19591085705983
10461,-88.539834485784397
10462,137.60161200011163
10463,337.04864927806523
10464,155.7252346036268
10465,-250.29079290523802
10466,148.06340015143519
10467,333.68218860937856
10468,-260.33639238342607
10469,340.30790922791505
10470,224.68535571269538
10471,-607.27971706193136
10472,-54.859592940918496
10473,-685.09108172584354
10474,268.25827077859481
10475,108.79743563388409
10476,-233.16761717272087
10477,115.890881578502
10478,75.288754614984953
10479,312.58695394034243
10480,78.425907046794848
10481,-509.6307964395827
10482,142.15294578474635
10483,-567.60967445988433
10484,99.19784411013147
10485,181.76569364680975
10486,-27.407098394358968
10487,-646.8210508159757
10488,-261.63281625029953
10489,-398.87688919781624
10490,-259.41075205618336
10491,-252.05740356799151
10492,-25.647967227331403
10493,-479.35794942314254
10494,109.91068619021944
10495,161.94257969113988
10496,-436.8071742397558
10497,-66.012204422567564
10498,-73.605382654072031
10499,51.00273944619402
10500,7.6096810321631168
10501,-38.390486731082945
10502,493.59597060692869
10503,-303.44908054448717
10504,285.36305876068622
10505,236.93082121946244
10506,-112.90288738209152
10507,-104.91639705404748
10508,70.110711720152167
10509,-334.40218077461822
10510,-526.15206135133201
10511,26.695126681540941
10512,16.625076878906253
10513,-282.62391868623956
10514,-156.76438922324832
10515,-368.70385240105628
10516,87.266983883974419
10517,9.621961449394778
10518,159.33855433395033
10519,737.83543619007298
10520,-63.525614896838611
10521,253.39234540406892
10522,-195.47926226047929
10523,-233.60406275700629
10524,672.04300276033052
10525,161.02647811634051
10526,-86.923885883781679
10527,767.44993763178718
10528,300.14345470154251
10529,-264.63326212053084
10530,506.80692249836778
10531,413.73257578606166
10532,-227.9556542045861
10533,270.72182191824834
10534,166.27214538843214
10535,467.83594699529971
10536,691.01419274133355
10537,-235.19550162577519
10538,-204.49475633783754
10539,235.56549902567039
10540,481.50822898950156
10541,-404.28637162617366
10542,499.63459887902218
10543,-280.4236242835596
10544,349.63535701277539
10545,56.279218559326893
10546,377.78382419955329
10547,58.239294125082502
10548,424.29981217464865
10549,85.80041244154765
10550,-252.99288852458969
10551,172.86784495502093
10552,-190.10660020571459
10553,306.96428652366916
10554,-179.1176649334223
10555,-155.77590494004934
10556,-208.75257057910926
10557,-257.42597802041837
10558,-187.88708045784421
10559,178.95968589803033
10560,769.29942460676648
10561,131.45400495646177
10562,-86.336058477254994
10563,-440.7896941287982
10564,522.20633784169252
10565,74.260445370589608
10566,-273.34519080824748
10567,23.885483202721929
10568,-140.88619011673751
10569,337.441893325465
10570,63.425120244030751
10571,-78.121043605639713
10572,-209.41596150610641
10573,-354.30221699579079
10574,261.54958940727357
10575,252.78475303502213
10576,415.33279349639889
10577,-341.41062177496298
10578,-101.54306561728957
10579,-82.980037344346769
10580,-146.19185945083061
10581,-400.95700950885066
10582,114.68810161530814
10583,-318.40944917284122
10584,-27.128651113150344
10585,253.39206355032323
10586,-15.161597235909964
10587,490.2763101566976
10588,67.160554155160455
10589,-583.65363016066408
10590,566.82922278088245
10591,-659.78402061134227
10592,-280.34458657663174
10593,-618.48495760346543
10594,-403.08152177208285
10595,52.580795867776224
10596,154.13724781790583
10597,-187.18724588646202
10598,45.064322864018102
10599,389.86980245897644
10600,497.49442770097426
10601,-172.60466145696958
10602,-199.48804830691162
10603,146.33213540458735
10604,-745.93142118236665
10605,-230.93578234679688
10606,-157.73768823510525
10607,170.5558567216076
10608,58.528195791273937
10609,21.77823537708327
10610,-33.845432388595505
10611,527.01153214501744
10612,370.35979324782124
10613,-83.708849293366271
10614,-297.86678182751825
10615,379.63004164090523
10616,-194.49981867886436
10617,-59.081154239241485
10618,-59.050741456086463
10619,-265.795331040642
10620,-488.32421484496376
10621,-28.133316815096542
10622,-110.89724251663874
10623,642.51981987431441
10624,-25.104958245574949
10625,368.27465472014597
10626,274.79921352704253
10627,416.52612933638602
10628,110.57324867984362
10629,561.37835205216777
10630,497.1437621157778
10631,-201.60987734450939
10632,-370.05229826158859
10633,731.0573724235993
10634,-380.13707915516949
10635,-200.60251550520917
10636,272.08601189375531
10637,269.84058991076353
10638,-243.56399508534611
10639,-80.642094345868728
10640,-467.97701289855604
10641,384.10330917171314
10642,-158.51464076438288
10643,-321.14290897908148
10644,-72.307098121582584
10645,244.89650104863117
10646,-111.76687989927638
10647,-71.303541616286083
10648,-97.149005345139173
10649,387.99285294446332
10650,134.07976082545451
10651,-372.72453971834477
10652,-153.89734891410654
10653,376.05572467830734
10654,-45.066999727281377
10655,29.111024201616402
10656,-164.38841371392513
10657,291.3802875570243
10658,-389.64290898924679
10659,-145.45381366072843
10660,276.50614199272474
10661,-134.09381091718905
10662,82.948111554812314
10663,143.77337061052748
10664,230.85377823040852
10665,649.89804699134902
10666,188.10011410399213
10667,170.77221614376126
10668,-533.8474844790486
10669,-516.13496882537095
10670,-356.78697467216585
10671,480.90374320564877
10672,-54.535992961674914
10673,-272.66057204038083
10674,-89.163693419767569
10675,-97.400040824959689
10676,-264.29803775062607
10677,-558.85167596104156
10678,-18.223173989822808
10679,238.68337858797923
10680,-107.49682687897716
10681,-439.73714969227399
10682,-366.08737762045075
10683,540.47440229190192
10684,-335.91922953998875
10685,128.98481364662447
10686,-360.46505927788354
10687,-211.01458656820014
10688,115.70383605399711
10689,-723.63335622477302
10690,380.89392210560931
10691,24.300969805755638
10692,-145.38761452741016
10693,-157.28295617853925
10694,134.10336003672955
10695,215.95710077116169
10696,-310.20616373438952
10697,18.018883693842582
10698,-287.16969472965974
10699,-244.82888943623902
10700,-126.15190632103037
10701,-276.85103369720133
10702,-63.90282319538408
10703,-268.29074198436626
10704,80.990606187076878
10705,135.49197649147948
10706,265.86171737073545
10707,290.15338931857548
10708,72.857507069876306
10709,-88.6450183828441
10710,-562.52380170861102
10711,-257.96859166459268
10712,-88.32818773227676
10713,-608.90489135457835
10714,16.648129846867228
10715,-117.99664144508903
10716,244.48813585825096
10717,60.961320646527305
10718,640.85047261142813
10719,15.073592658662546
10720,135.00644430477323
10721,39.523374533231937
10722,86.445605741342803
10723,20.337654615455698
10724,217.44242023198149
10725,-8.574845990246974
10726,172.39758731739909
10727,-326.0037487732892
10728,347.5813407240388
10729,128.95803909114534
10730,-379.75008861295447
10731,-134.70695705662487
10732,153.56888514342506
10733,-72.122786088970585
10734,183.30848830572637
10735,-456.53877619137904
10736,152.27530162599663
10737,-20.658280599071105
10738,245.62232835465807
10739,776.40097282335705
10740,-320.14345296022367
10741,-479.31970828477876
10742,-69.754348602908351
10743,-372.0104531960522
10744,397.28224738180904
10745,94.972930251540191
10746,-545.87009398497798
10747,92.717330848033853
10748,456.62324679869738
10749,140.33519629203963
10750,-542.61678450344232
10751,33.256178473054945
10752,237.5455531193667
10753,-260.51478060377377
10754,-227.74117804894578
10755,-18.374207944644027
10756,357.23207935778987
10757,234.16866322379528
10758,309.04949086471618
10759,109.41620907267911
10760,297.04627719533852
10761,431.28271868977339
10762,-285.90275415168406
10763,-461.12318506056334
10764,458.84116852029314
10765,-35.132478657934385
10766,-138.96677867278052
10767,435.87811135413949
10768,-327.55173248124379
10769,-16.175842225600753
10770,32.687383150972018
10771,-143.11036093613376
10772,-82.911637968192849
10773,-26.3958495790875
10774,-295.90654248376984
10775,-300.94455130927793
10776,-157.03746176056404
10777,-444.10542517056763
10778,55.542959233744831
10779,136.0957334337381
10780,-59.934234414138089
10781,774.78693935585613
10782,-291.82146940254268
10783,449.65451335805221
10784,-231.20082491305308
10785,88.180588404051633
10786,511.68238161594479
10787,27.698913991853757
10788,69.719003430785335
10789,-684.03042867482043
10790,-181.1657541891087
10791,-592.2856835316278
10792,-326.37230449136854
10793,527.57395543133816
10794,-175.98223228892488
10795,555.32732432624937
10796,-40.062192569476395
10797,-242.90961184425726
10798,466.47500983220914
10799,209.7265782177993
10800,112.47399028633779
10801,655.95970921127332
10802,-253.67288201365537
10803,-143.14006436902642
10804,261.90903344912584
10805,-51.430524620989367
10806,-646.53437149312288
10807,-114.11730645512921
10808,126.14931118007999
10809,204.59346285899562
10810,-300.39361365831388
10811,-415.6867458895403
10812,6.4491528842808226
10813,72.80107777482857
10814,160.66087208145268
10815,249.3116892918174
10816,-248.28534524656288
10817,7.8306299226123102
10818,-466.38382701665859
10819,290.15144404460244
10820,-309.03320656334029
10821,528.69166119562669
10822,372.49384793225488
10823,-328.08626630968524
10824,-94.658734077251921
10825,55.569194140457455
10826,67.343824190316781
10827,-533.66838124913193
10828,-128.10863350344869
10829,-542.99485844641902
10830,54.634639672581727
10831,182.66043483267927
10832,-41.299485730891718
10833,652.81276339173678
10834,-336.9657807378893
10835,99.962820197738438
10836,811.79001633670828
10837,-346.25211606530098
10838,103.69087960098412
10839,487.73608126333272
10840,120.89569101399123
10841,-324.32967405437023
10842,-136.41212971214867
10843,-41.924430030976893
10844,282.70298658023478
10845,345.62032897020543
10846,124.69798534752324
10847,-206.11335283373492
10848,155.93998583214028
10849,-443.76722994338661
10850,-273.34300340059559
10851,195.95033081854595
10852,-30.690040851400074
10853,86.567786598154484
10854,-312.21136188949617
10855,41.005246961458404
10856,307.6751801999481
10857,532.90594942140547
10858,260.16168056338086
10859,362.0055075337371
10860,101.32898120196937
10861,38.441296139894007
10862,20.267674753902845
10863,117.44024988074651
10864,573.69118270785668
10865,-507.59205851450105
10866,-211.76962671045661
10867,-78.399897404281319
10868,-319.57376765957378
10869,-267.44656441833484
10870,-780.85703196762438
10871,50.229980556444005
10872,-298.5490108171673
10873,23.39238652311623
10874,-76.29059741014747
10875,-257.59747046425497
10876,171.56436509796518
10877,-121.60078316249043
10878,-451.37377685543123
10879,81.135338842682614
10880,-212.55249317142602
10881,-3.5349272290958433
10882,-408.25548100018563
10883,-158.65133194465756
10884,238.39834201613112
10885,-133.03572327369659
10886,-266.0840826060641
10887,247.74270438194787
10888,347.9665442832374
10889,-511.31524281086769
10890,21.815871215019953
10891,-163.84140964229135
10892,-472.56083639704826
10893,-365.00826715123543
10894,272.43713793224072
10895,92.373763748916403
10896,491.80814568465235
10897,-200.03605813580887
10898,144.31490824987495
10899,-554.35805242000004
10900,-449.35755789415754
10901,565.0154801799606
10902,446.31875807462228
10903,309.69738818741342
10904,282.92794140775032
10905,176.19762818996833
10906,-315.14185176038154
10907,612.33779311529725
10908,274.25223124773197
10909,-19.436173058565064
10910,404.625447770525
10911,47.266481426985223
10912,101.8962408096053
10913,98.148095627779256
10914,-231.35258244372363
10915,136.3361231916426
10916,-150.31005926795007
10917,461.19954997878898
10918,145.69015888427353
10919,-405.82374187555786
10920,-405.55256587509643
10921,213.6739436505616
10922,-204.80364027314425
10923,-118.5706379105096
10924,675.23026482907358
10925,145.16198786853477
10926,489.68700201996381
10927,-173.765574593694
10928,89.691684652836656
10929,239.01179154231002
10930,-68.180000686600565
10931,93.666775615132664
10932,-196.55301722008718
10933,-711.75344472009374
10934,-104.15023991149006
10935,55.730039501229143
10936,74.240350584786569
10937,625.7495908769057
10938,234.98688486875491
10939,221.59294793875694
10940,61.93159175679488
10941,239.73644833443646
10942,-21.33808181831796
10943,180.16473629709236
10944,14.918627995497497
10945,-374.86568834825232
10946,-397.51492885840327
10947,114.66690843216165
10948,-269.61622879894389
10949,0.13921221449176674
10950,-34.594846760693926
10951,72.734021226682003
10952,-188.80556313903892
10953,-365.53367192345416
10954,-67.595522554268229
10955,19.501170139179187
10956,212.78259013823364
10957,170.7228468826323
10958,48.756055882017925
10959,-239.44652279164671
10960,409.73820515518042
10961,399.86800565030927
10962,18.693100459976392
10963,165.76697195984383
10964,-124.38945349671073
10965,54.994523212786575
10966,640.43207456486891
10967,7.5787927355539155
10968,-265.04763041001189
10969,1.6927330910939924
10970,18.517133621267508
10971,-248.85163930169335
10972,106.86193154650805
10973,251.63914312091018
10974,133.83773953640738
10975,-358.26696137693051
10976,426.26144731764077
10977,71.978422469740835
10978,-322.08755962522082
10979,438.84026750159427
10980,-40.132114491342115
10981,283.80356865292612
10982,-487.90619533258479
10983,-86.93302825214829
10984,-470.85015109169115
10985,73.146482773151817
10986,-688.39009894080129
10987,392.4785675660421
10988,-328.63103749553886
10989,149.39160063469302
10990,321.79311476060548
10991,584.39308704506414
10992,206.75729570024953
10993,36.548225997008281
10994,-37.778285211188397
10995,-551.05170946513704
10996,-107.8512038775701
10997,-176.80602795353062
10998,-356.88949117318265
10999,418.41458411247896
11000,-26.133496016981603
11001,-213.90951362803153
11002,246.57978881987728
11003,-32.011024949712223
11004,-126.73258849582724
11005,26.914491557619105
11006,198.92197376295232
11007,-18.843554414707562
11008,-119.51484607642456
11009,-389.90376053107423
11010,-149.50928607147875
11011,-308.96203021469506
11012,-478.77716041375305
11013,-616.72914125228056
11014,-25.890829611385271
11015,-133.17659031686389
11016,-633.05872522932111
11017,-32.263294745607517
11018,28.795819581694584
11019,-290.00132364066076
11020,-168.02496539200109
11021,-173.84102001973974
11022,107.27955415166305
11023,278.32878520700035
11024,164.73665181591355
11025,596.7860199506174
11026,737.7802177171227
11027,-57.044398703887687
11028,-20.381913027885783
11029,193.11140830024692
11030,150.95242220368257
11031,-340.87792585586703
11032,207.55657024653777
11033,-27.674726125892395
11034,-146.95165736571215
11035,-121.88066829612721
11036,144.47950532989032
11037,333.20953167889786
11038,-452.51312096804543
11039,-208.53684674422357
11040,265.84494752360916
11041,-86.196459500500836
11042,-456.01061792236391
11043,-377.73004720142779
11044,277.55668897045359
11045,-98.288165568642796
11046,-258.67741823285093
11047,508.51302164659154
11048,-27.829466767414793
11049,-397.83822522418728
11050,27.29423154804206
11051,55.460906962913228
11052,86.524439615026139
11053,-417.71826706416863
11054,265.07469217437074
11055,126.4953798005737
11056,-731.23379989334319
11057,26.768529070431587
11058,15.17242496547377
11059,603.14917705396181
11060,-68.510369085761113
11061,-630.15884973892639
11062,391.43989504517037
11063,191.26739771271298
11064,-82.799158898045718
11065,874.27983557168295
11066,130.10220965607922
11067,24.825257629839406
11068,10.015684555530623
11069,407.55355195098514
11070,184.93372244983669
11071,699.40134035508527
11072,12.874182171249382
11073,-569.79503120547588
11074,-60.618267530270764
11075,-96.589442925860638
11076,19.660708357384664
11077,30.225969050066485
11078,-107.06858214835719
11079,-23.448153023308066
11080,-16.563489755111814
11081,18.767317998588446
11082,145.95038182220659
11083,-428.10275660092162
11084,-158.17477611037199
11085,-44.378080896788312
11086,-411.29977054483032
11087,218.42101808202457
11088,141.24530784475209
11089,316.63475597059124
11090,93.680239825355329
11091,154.16405402565593
11092,-132.92025023591063
11093,-293.87357139530752
11094,485.30634558787563
11095,-271.22948150685454
11096,373.38314717843389
11097,-359.66959875632847
11098,-459.99230445069611
11099,209.05369852328243
11100,46.740083514877846
11101,-767.89654359917995
11102,-153.96946682570643
11103,-66.68289246156786
11104,-15.944035080887858
11105,16.07598434499986
11106,157.0389367015737
11107,585.65786355929208
11108,-259.63810597939198
11109,264.4864666930863
11110,171.55865069952753
11111,182.06572554508492
11112,-336.88337336089273
11113,-403.2385387031519
11114,114.57772510795498
11115,161.83644349638973
11116,-628.04470100010587
11117,242.01175305538857
11118,362.86303611765425
11119,60.71370640424427
11120,-359.31123121325965
11121,-379.08187950572773
11122,237.8377849497891
11123,-293.41750913992479
11124,-397.45137920298163
11125,159.58885605132548
11126,365.03747521359617
11127,-720.61284648973719
11128,500.1648657714847
11129,-11.265810006162681
11130,-69.355015025238757
11131,250.86562155967866
11132,-169.30678540802489
11133,120.43720692692662
11134,-39.953157825393042
11135,-520.87906599974463
11136,-631.10610534537363
11137,-189.45128724586758
11138,73.570787366443241
11139,39.638131936282399
11140,-459.83743877510545
11141,4.0290717234955675
11142,-197.44889965681597
11143,62.389742569147167
11144,-186.44535236927217
11145,-133.6082201956018
11146,305.02297895286432
11147,-46.022467592148693
11148,-42.281475985006821
11149,-174.6134231397827
11150,-221.81742427816593
11151,-177.58255371476687
11152,-1.6457791602111136
11153,92.195614728928547
11154,380.63664334812478
11155,5.1762855335079658
11156,-43.264137860360073
11157,138.5690976831325
11158,-644.23733997180614
11159,-264.05264854098135
11160,388.07711133595376
11161,-314.57550396753294
11162,68.595778853698874
11163,313.90250595867133
11164,-174.13638000550014
11165,75.245060917167663
11166,-48.300496534790213
11167,366.32813493054306
11168,-300.95317522451984
11169,52.295474972807035
11170,199.76450852884724
11171,-291.45213888117814
11172,-221.25525714195203
11173,-347.63373665011466
11174,-203.16973722566104
11175,-377.92297544460564
11176,-39.059901238720506
11177,-27.657708986922845
11178,-4.8400690110825035
11179,387.69317018167078
11180,173.07521100861521
11181,932.27040167897349
11182,-79.759489349665586
11183,140.83197737225072
11184,39.684029858127424
11185,443.52420804431318
11186,342.35994872023934
11187,-137.85795258406375
11188,596.33053049117314
11189,207.64692642350775
11190,-628.74446968972711
11191,498.51770649884446
11192,-157.93924874004847
11193,351.10783976574243
11194,21.711333535599721
11195,-147.8588200554936
11196,204.57246274928133
11197,29.474618249412647
11198,121.43392964124492
11199,-565.61993538656691
11200,-229.61058695852796
11201,-46.804477108740699
11202,686.9993413504825
11203,-439.37600813835695
11204,-564.30678092622827
11205,-449.44523872061217
11206,-187.01337557795372
11207,63.71447075230752
11208,226.53217961128942
11209,-238.26195886607528
11210,8.0317526679673854
11211,-360.68869418514669
11212,-123.99311613868548
11213,-388.86461946300426
11214,21.025862631446476
11215,-301.50187125630418
11216,215.87740831289744
11217,403.51021004980043
11218,435.69760335692746
11219,-107.10092088372157
11220,186.04692078373688
11221,347.56948473980657
11222,258.81395911530461
11223,-431.37566148179377
11224,-169.35938198102002
11225,106.38668004303975
11226,11.406343347779877
11227,362.59620402956438
11228,-602.20735409114911
11229,707.55591844579544
11230,202.17491878205519
11231,-50.337119767657569
11232,-170.32942345324926
11233,-33.311370903949822
11234,194.42983492011584
11235,-358.58935096740811
11236,-212.26535326917778
11237,-291.42110382226338
11238,295.55761894971153
11239,-278.97338727308471
11240,23.653653300109458
11241,-64.463610906839676
11242,-550.51306724134076
11243,541.34326975247643
11244,95.063330411309153
11245,14.598207374632725
11246,108.60883519127067
11247,-390.97470911424364
11248,358.66641966090197
11249,-656.73737135463352
11250,39.621704040650123
11251,-112.10781397641728
11252,-3.9966181836037902
11253,-399.34877852946835
11254,-189.94215830266802
11255,25.705003254618248
11256,-514.34230905089601
11257,42.903388996473225
11258,-18.932652421567187
11259,-109.32309649965818
11260,-32.899091713946589
11261,-543.81200265385394
11262,402.37108703097084
11263,36.244315379427398
11264,228.30407580009418
11265,346.38302227713825
11266,-401.22270699068491
11267,54.05719773136537
11268,6.8622333480843087
11269,-3.8120805658921086
11270,-445.45149197388889
11271,162.08751874326938
11272,176.36752501387096
11273,-516.97198192843848
11274,189.99316009349118
11275,-164.45712796519302
11276,174.20994712832814
11277,-510.02977631488511
11278,174.7848851098716
11279,-352.74632432728413
11280,-145.46097708961682
11281,456.97186117066201
11282,-463.51489067262872
11283,-363.58427640439356
11284,-157.84808228490417
11285,-195.36060962026161
11286,152.04068775685738
11287,-197.09226766881744
11288,36.480965368720128
11289,993.22487797847054
11290,-387.02879318681545
11291,-6.616510882802956
11292,-272.06886088584076
11293,-138.59954551011037
11294,-105.0394486126003
11295,-21.529524404723382
11296,91.057199150229948
11297,-65.791197149471941
11298,164.47287710093738
11299,-17.997827027465078
11300,783.88665971391549
11301,-339.23112472431364
11302,-196.48456361783593
11303,357.21849540968253
11304,186.31062521157011
11305,138.0941036840315
11306,-11.632461477738744
11307,175.80916373420467
11308,-224.61734983236181
11309,68.855796411867672
11310,201.21113139003967
11311,257.87114287716349
11312,-432.87055951729889
11313,-893.99980081843944
11314,671.86507846585903
11315,-143.3726491912177
11316,622.23865866628353
11317,179.38442629047373
11318,553.77440889190666
11319,133.39922116403852
11320,-278.763441831666
11321,-316.62804095298441
11322,503.41566288266779
11323,282.68713599665745
11324,-192.34979075415279
11325,-266.50621593517383
11326,28.442092691972043
11327,-502.81066448893398
11328,-284.89716781774013
11329,334.32539610270447
11330,131.85559421631339
11331,-163.06900527506644
11332,207.69781044505407
11333,84.537755355417701
11334,26.259629066103113
11335,-255.92213730636777
11336,51.282902742482477
11337,-102.04962146231122
11338,160.4343041062869
11339,285.39335595630826
11340,-58.840964521681897
11341,103.10534910665844
11342,-294.31129301873426
11343,376.90749077827718
11344,69.801866933969407
11345,866.00018852261121
11346,-39.372896580539738
11347,64.614202893318335
11348,-169.65603416906703
11349,-545.18739763200074
11350,-61.76963684753715
11351,-497.32028453380821
11352,462.2911105292888
11353,-153.26914250955582
11354,-206.00694145910282
11355,-139.67967903899941
11356,-86.316035000083517
11357,589.44394290656101
11358,213.39162365467115
11359,160.84269205249777
11360,189.14311879095493
11361,-353.62333168120398
11362,-195.461468881352
11363,-130.97048784757041
11364,-411.8978482107089
11365,339.53611096103776
11366,278.70802857875663
11367,262.53933089099849
11368,-182.31524737855938
11369,312.59253988430646
11370,292.50696602849234
11371,-191.39812913021413
11372,97.19896589042817
11373,-323.06245196934935
11374,-641.63352368309302
11375,34.404317785941323
11376,332.61463954493962
11377,374.39429080114547
11378,79.740574436982101
11379,-175.66454148011709
11380,161.84977999054556
11381,247.70962726908033
11382,90.738582192359189
11383,406.91954278272698
11384,-128.29338404491492
11385,131.2733075553553
11386,729.30944162762637
11387,721.95165077626405
11388,-177.94000063372482
11389,709.52290201696894
11390,68.441827946276405
11391,-488.04810671370359
11392,152.74593914617711
11393,-239.25028478333422
11394,-147.28095714479628
11395,-45.208318575645059
11396,-222.12449344542733
11397,-332.61528388191817
11398,-119.36737582300429
11399,411.59761537416676
11400,165.38288375399054
11401,488.27546568672062
11402,224.14489930098836
11403,57.123193278739166
11404,264.66502019787362
11405,-126.75098294470878
11406,-376.20602059401011
11407,48.791373917784561
11408,420.19806400514244
11409,-415.5596397131099
11410,-45.072678714989721
11411,-169.48557453543233
11412,744.9633226613829
11413,-534.1845713199483
11414,-151.03112809100941
11415,577.93586546936763
11416,46.726387390608195
11417,311.55408180562301
11418,357.30637658810588
11419,265.41273843984072
11420,-253.59736902535187
11421,-473.88134405003177
11422,12.688444605877569
11423,-132.56426690048801
11424,72.473819203476168
11425,217.43580522922295
11426,-335.77852011220818
11427,-262.20462447685401
11428,95.516983209101966
11429,-209.18192024536012
11430,456.63567349234324
11431,308.43056019746689
11432,-28.853731125682604
11433,-358.51784715108187
11434,128.31172677442632
11435,145.6247243814604
11436,95.667008034185542
11437,268.28354091308182
11438,-466.9244162464642
11439,-314.32094969127206
11440,344.74066488627864
11441,220.70755813671178
11442,-578.47552390124179
11443,174.80907811479446
11444,399.94148396073325
11445,732.67209663325298
11446,667.30273033291735
11447,-63.096512982720988
11448,245.90652202892227
11449,21.730193019488027
11450,-248.652640424727
11451,-197.04075505174015
11452,-282.04647226508393
11453,-81.152389257554205
11454,52.365361603787008
11455,-2.2571267781353361
11456,-758.87561160637881
11457,213.49145912249077
11458,-169.27147826397703
11459,184.72028865201301
11460,256.56430497475293
11461,-63.248897776519527
11462,-272.71787183732573
11463,135.79446347148948
11464,455.78074339530622
11465,-129.35637652171872
11466,62.873370392219989
11467,-386.85293789480477
11468,267.22765883611112
11469,287.24118692262846
11470,-52.099728652584425
11471,76.406956648391969
11472,-138.16215089738139
11473,203.55614864230512
11474,15.488711020265619
11475,-5.9680825169682423
11476,-31.644142590969288
11477,221.56630230692642
11478,-687.00231820631825
11479,483.78422314354117
11480,958.02237908807433
11481,191.59606092931168
11482,-58.58970557453474
11483,259.46230620404344
11484,-6.3167575619115688
11485,-270.28846900008961
11486,-772.46422962511679
11487,-146.46331926199863
11488,-37.781460993016658
11489,331.55195758225057
11490,570.47457411178175
11491,-182.59989627575135
11492,-356.09408660693862
11493,84.142951210364103
11494,-115.72664179916497
11495,431.89838199541038
11496,-39.027608360855119
11497,28.163383062949379
11498,-54.063853433292685
11499,-259.96553784016396
11500,157.69687820480763
11501,-451.57353618095351
11502,482.55650486877624
11503,242.55694520910035
11504,-588.11374380980294
11505,81.017096895993802
11506,325.4067394440309
11507,-22.052235150655722
11508,-296.2785041973321
11509,299.05191358613968
11510,468.26993122394794
11511,-99.607469514878588
11512,5.2780854471669532
11513,-101.94715017070833
11514,172.81543496339035
11515,-676.72075295290699
11516,-85.334585198187867
11517,117.54369571648232
11518,-83.628787388306037
11519,179.75562770163481
11520,-83.352963474527854
11521,-21.419178952216956
11522,292.12474624327649
11523,-100.16396087765229
11524,-295.4450782425568
11525,-196.19961546096286
11526,-90.403497985660835
11527,-58.114124094914537
11528,-400.37934469764531
11529,236.32717532971435
11530,-312.00489053945068
11531,448.89904737276515
11532,202.73550507695211
11533,94.92875456289643
11534,60.247307917511641
11535,-149.43663249088334
11536,406.78338146580313
11537,600.81202653643243
11538,-23.263559460762597
11539,-565.31270690564884
11540,156.44069172561174
11541,648.62154662395506
11542,405.71979646874263
11543,261.80583136930045
11544,22.356083935015029
11545,238.4124747322885
11546,164.56802375270129
11547,-83.346741148582595
11548,209.77491982449439
11549,-198.97437741530814
11550,-78.734732103375094
11551,27.732488101924574
11552,450.31679507491003
11553,-78.315205580051682
11554,-267.63890633380248
11555,348.33187445465887
11556,-404.45503917406779
11557,330.09593949369349
11558,-532.97055874359705
11559,530.16672283309879
11560,-741.05680464105512
11561,478.6495234473407
11562,164.63187921356086
11563,-449.71075314711914
11564,-412.11481107833919
11565,219.12773907510609
11566,-378.68930950300563
11567,368.73338805453517
11568,37.338426958468723
11569,396.4934950040531
11570,-29.329794718536021
11571,35.475251839091534
11572,-267.29107555681423
11573,-417.34657979131009
11574,-250.30106527663807
11575,-228.95720009218769
11576,692.2513473375069
11577,-411.15737206575346
11578,482.32117888250042
11579,109.40386922308667
11580,547.62058151390011
11581,179.88426508469246
11582,-521.57931018951285
11583,-0.53667222020672212
11584,-1.310883274279891
11585,-248.05083145629627
11586,-243.06806182013136
11587,199.56730075170285
11588,381.32404325693409
11589,-393.16880388739804
11590,138.23245276134892
11591,34.241055697988273
11592,-4.6291546141183577
11593,-151.86193128195845
11594,335.54637222709039
11595,-93.145298082705537
11596,507.75321866389606
11597,-355.4656205338228
11598,143.08978438160887
11599,137.94688403626995
11600,-151.04600604389765
11601,-19.601773692468669
11602,105.84882713406206
11603,-172.7851899812662
11604,482.12726370999843
11605,-267.53917413325547
11606,39.90555578612981
11607,-52.855796531074745
11608,-21.22244673120985
11609,155.37989346108461
11610,-96.069277835016337
11611,-163.17530409699768
11612,-180.36573977355184
11613,-264.67843452360029
11614,171.42795164643724
11615,-11.45771336294195
11616,239.99734190689759
11617,-39.849953838416106
11618,-211.74160655795717
11619,-354.16935617356557
11620,72.479462952089492
11621,306.82020444019361
11622,10.710238479162399
11623,-367.9516429972735
11624,280.99867828489909
11625,607.13427899520252
11626,226.07866695707082
11627,565.92963801468511
11628,-147.76747216989878
11629,-314.03756027490522
11630,-180.04553525208857
11631,51.270977379872413
11632,-118.81984221413462
11633,-258.2606219427476
11634,-229.83713020204394
11635,200.36475862315226
11636,-348.07141756401023
11637,-584.86086597254518
11638,-4.9298768310265126
11639,-163.44221481669862
11640,87.027519298569587
11641,41.56663504345336
11642,-494.89046377701629
11643,-60.88771120297482
11644,-173.55136971975111
11645,181.264521180212
11646,-51.325709086770772
11647,43.950997305181936
11648,-517.98181348587946
11649,-355.55266690328591
11650,272.40216687734187
11651,490.6303834469735
11652,-37.23470686782187
11653,100.19178117715965
11654,32.264743116669983
11655,342.38399589459738
11656,-274.38399640566797
11657,-461.59948018183746
11658,399.11781881563218
11659,59.9416624192665
11660,-119.02693796298166
11661,-281.70905159749151
11662,-127.62868444831894
11663,-556.58191017782531
11664,-79.379234412220541
11665,-84.283987551749675
11666,-212.85815433361981
11667,72.298584679813885
11668,-416.45899892038221
11669,-151.39277066781889
11670,-112.94325746656897
11671,-386.99760536798368
11672,553.34971336541707
11673,-80.937834580871723
11674,265.60516451201653
11675,498.06450504154679
11676,447.88340767692523
11677,-162.95338863408929
11678,121.20351520652038
11679,106.02342845843167
11680,340.50635541497377
11681,4.3144167627819101
11682,-92.64783669165449
11683,-354.12957712883468
11684,214.0074765324255
11685,-345.69142874226105
11686,-271.80220862911642
11687,426.30907737815397
11688,-37.757507170520597
11689,-180.4634572378346
11690,-97.582310788071766
11691,347.82231323352687
11692,-237.0130908039778
11693,118.12311870118714
11694,681.47666793850192
11695,275.66334489092827
11696,185.16481639957337
11697,-13.159363367316299
11698,274.07224748719068
11699,178.76102965588399
11700,-178.98039516140662
11701,391.84251758648384
11702,-308.94994109698087
11703,-324.83621594839008
11704,262.0871357430691
11705,398.52106409404024
11706,-368.2548804329611
11707,-181.18251143785079
11708,-166.41347208747501
11709,68.987552587253134
11710,-249.49012878431523
11711,443.60337484329023
11712,13.65045988385002
11713,-212.53037852371779
11714,-27.915418712236221
11715,-240.79982184571062
11716,-142.88309144793709
11717,-285.83430439090534
11718,460.63166868009409
11719,-225.10788029950601
11720,97.826519328620478
11721,350.58725687428392
11722,378.82385166848809
11723,-3.8848455252729068
11724,-260.94828856683927
11725,-64.561586173818824
11726,-270.60328416669216
11727,-569.42074769437193
11728,142.46838399488001
11729,228.15231792746687
11730,170.90589405270825
11731,-88.733005981169043
11732,179.58514596852967
11733,176.78682556049429
11734,-56.270574348238732
11735,-185.8725872968258
11736,100.44658731097063
11737,-63.662179545585019
11738,623.20611399712323
11739,-122.16898105378014
11740,-216.57264126812572
11741,-130.98097450073635
11742,-293.82665858937611
11743,167.92384362729928
11744,9.2595075934135682
11745,-587.49569626033008
11746,304.72480941847743
11747,251.4635951168525
11748,-304.06096774524315
11749,108.04336957546114
11750,-218.67189979790254
11751,-105.13018388543608
11752,121.35633108715793
11753,-302.96404134850093
11754,529.66163992858787
11755,-224.55011115095402
11756,688.85980209957893
11757,121.62140840748253
11758,495.86330963739988
11759,-104.8970080032132
11760,-39.403692827711303
11761,-218.43393840893413
11762,-242.07542923760352
11763,328.46917366165133
11764,-121.57062322437439
11765,-351.96132723645724
11766,235.89654336008979
11767,211.84331613383657
11768,581.98590838312521
11769,-187.81685176717713
11770,-88.203530562813242
11771,-121.26318282161407
11772,-682.34493153568462
11773,-61.45599357158175
11774,69.00904133898284
11775,132.89487284698976
11776,41.646820743463422
11777,-513.16982488346798
11778,216.74344092334627
11779,-533.8087878872966
11780,-467.10306503157261
11781,39.693989655146098
11782,178.84483759017868
11783,-255.9126843608318
11784,468.69097201293687
11785,-959.14586751744582
11786,201.86251191588642
11787,-282.56870707573876
11788,-392.43495156660481
11789,-219.68775779803576
11790,169.59302266781285
11791,-21.895665769336979
11792,-242.27992228725665
11793,35.588860751346857
11794,336.44033353004329
11795,-63.331520330006505
11796,-4.4460482737870395
11797,-312.31536571456058
11798,14.581415571942678
11799,-258.22351273455138
11800,725.83879133028449
11801,-303.82806462040185
11802,-726.18452206403174
11803,93.42268369441318
11804,92.797982583721065
11805,342.41232925067391
11806,856.18253943441675
11807,-54.883147062181955
11808,-213.13720641425593
11809,-365.08354888494767
11810,-733.48196200349548
11811,-206.05838193578043
11812,-418.27223526007873
11813,358.80446947095385
11814,-260.62234532467039
11815,546.23457225878519
11816,187.44948665602999
11817,-22.033982900795433
11818,88.730517023414336
11819,-243.13847978487814
11820,-41.379666278956392
11821,-543.62402412009135
11822,840.80603546696989
11823,402.82422181866514
11824,79.420705595500436
11825,473.38979426396526
11826,-57.645490046816612
11827,210.11286727244192
11828,-185.75745290110012
11829,22.76913800358648
11830,940.74683407735301
11831,-442.7066678021564
11832,-475.24478225219275
11833,-339.99428398162115
11834,541.64636473019141
11835,333.49907956467467
11836,-765.49625337927637
11837,91.193189180872778
11838,164.4507322896628
11839,274.61283312273883
11840,263.18825389803891
11841,303.62233467676498
11842,-92.189525537955745
11843,208.97371337568376
11844,-170.03419050961446
11845,41.558196358047773
11846,-670.83136510992836
11847,452.65937770406885
11848,741.81026125444635
11849,420.552411504075
11850,400.35300244817864
11851,-181.64239575564193
11852,162.04635840200584
11853,2.7480936093336039
11854,534.69064463343148
11855,145.05936874351249
11856,245.63977352375164
11857,192.70633663604977
11858,486.57398637164727
11859,525.26999998527197
11860,172.00159142779125
11861,342.56191471401831
11862,-338.44880989512308
11863,99.971335043803805
11864,-176.90171781690302
11865,316.42601020393386
11866,-637.46324112062962
11867,74.533357363901558
11868,-319.60935418345161
11869,-234.07357196963468
11870,238.83176324556214
11871,684.29951585438096
11872,-273.39394690634356
11873,229.49387382849645
11874,-191.42805181835189
11875,591.7365509012385
11876,-357.71707695786665
11877,279.34920279935398
11878,16.385346982374593
11879,1015.2321071191631
11880,-44.24764867011708
11881,-259.12038484959925
11882,6.6863125711801423
11883,113.41765950025427
11884,164.3690604291067
11885,-219.79091064314665
11886,-50.912150165226784
11887,234.69378482921368
11888,-225.74604715601274
11889,-124.56806112022954
11890,89.33080634586274
11891,-24.039822321153611
11892,949.8138509171489
11893,21.685293242947424
11894,-333.06691562171108
11895,51.635266771127412
11896,-328.7470589180698
11897,-622.23356182377051
11898,-406.8257232673684
11899,-126.38083816157059
11900,-298.35683404440914
11901,-494.63240273285049
11902,579.02234075839931
11903,170.42489512238373
11904,160.45127278901492
11905,-127.53245750920863
11906,116.51260749164166
11907,137.24483689523245
11908,-1.2351263056269319
11909,613.25081839662744
11910,435.23448086059443
11911,160.3869671002339
11912,-185.47388977035064
11913,188.64065599401184
11914,-610.56035131736166
11915,23.714657186399997
11916,-97.90469140459517
11917,-120.61345408597182
11918,353.07871733578787
11919,-18.442887505295893
11920,-120.28546893417474
11921,15.392910103858043
11922,185.80696804774468
11923,845.65276300558139
11924,349.45932877055867
11925,45.892637236966237
11926,-7.2379287510017063
11927,-164.71617083396063
11928,107.29963692985922
11929,-99.600099781149311
11930,48.61636926930322
11931,41.19970604370701
11932,661.67321709586747
11933,305.95898794977791
11934,500.4110755868324
11935,-231.16099217574467
11936,334.17773249931884
11937,-326.40234266325717
11938,-574.18061958380417
11939,148.54087270945098
11940,613.98788259128855
11941,184.5203674198838
11942,-216.10046725875526
11943,-616.07352832298795
11944,127.46984067427093
11945,-96.881554392750402
11946,-167.71203784394402
11947,-349.94699488619335
11948,6.6148671269270984
11949,543.27970640688613
11950,-362.78103146833831
11951,-330.05741949466574
11952,347.01454873631718
11953,526.43077329344737
11954,-69.342520304570328
11955,368.08942932477618
11956,381.72371964173959
11957,345.85284032808363
11958,-204.68981318862092
11959,157.89721831896429
11960,-967.38336421791155
11961,527.95481975799248
11962,-338.84960578595502
11963,609.18113860175583
11964,381.1166205897988
11965,-18.35158324023071
11966,-92.242918307830649
11967,-166.08686551614551
11968,-173.93959945806236
11969,-221.13734204317632
11970,-228.37612245128662
11971,198.06160680945968
11972,-713.00647693430437
11973,-89.68186474183382
11974,-480.00457016778057
11975,-271.73339592270122
11976,565.32363993667252
11977,96.111482632329327
11978,178.61335856961347
11979,-61.174332454705421
11980,-368.6916872400588
11981,4.8477465781777962
11982,414.41382134440238
11983,-760.31831679305344
11984,84.91271532686126
11985,-251.84732552029135
11986,280.70758458951991
11987,-391.25027825107725
11988,608.49911717037514
11989,-27.808460607212147
11990,-123.41411926925602
11991,-130.82924419408394
11992,18.553068892603147
11993,-433.16537587721461
11994,-303.70912611646605
11995,464.71525498507981
11996,496.48533446727907
11997,-35.135409415795877
11998,-131.6791845343881
11999,417.26915462133456
